"LOCATION","INDICATOR","SUBJECT","MEASURE","FREQUENCY","TIME","Value","Flag Codes"
"AUT","ELECTRICITY","TOT","GWH","A","2000",59054,
"AUT","ELECTRICITY","TOT","GWH","A","2001",60111,
"AUT","ELECTRICITY","TOT","GWH","A","2002",59937,
"AUT","ELECTRICITY","TOT","GWH","A","2003",57413,
"AUT","ELECTRICITY","TOT","GWH","A","2004",61387,
"AUT","ELECTRICITY","TOT","GWH","A","2005",63671,
"AUT","ELECTRICITY","TOT","GWH","A","2006",61228,
"AUT","ELECTRICITY","TOT","GWH","A","2007",61810,
"AUT","ELECTRICITY","TOT","GWH","A","2008",63589,
"AUT","ELECTRICITY","TOT","GWH","A","2009",66032,
"AUT","ELECTRICITY","TOT","GWH","A","2010",67709,
"AUT","ELECTRICITY","TOT","GWH","A","2011",62592,
"AUT","ELECTRICITY","TOT","GWH","A","2012",69525,
"AUT","ELECTRICITY","TOT","GWH","A","2013",65260,
"AUT","ELECTRICITY","TOT","GWH","A","2014",62248,
"AUT","ELECTRICITY","TOT","GWH","A","2015",61928,
"AUT","ELECTRICITY","TOT","GWH","A","2016",64961,
"AUT","ELECTRICITY","TOT","GWH","A","2017",68093.595,
"AUT","ELECTRICITY","TOT","GWH","A","2018",65383.711,
"AUT","ELECTRICITY","TOT","GWH","A","2019",71101.127,
"AUT","ELECTRICITY","TOT","GWH","A","2020",,"L"
"BEL","ELECTRICITY","TOT","GWH","A","2000",80266,
"BEL","ELECTRICITY","TOT","GWH","A","2001",76216,
"BEL","ELECTRICITY","TOT","GWH","A","2002",78147,
"BEL","ELECTRICITY","TOT","GWH","A","2003",80858,
"BEL","ELECTRICITY","TOT","GWH","A","2004",81730,
"BEL","ELECTRICITY","TOT","GWH","A","2005",83396,
"BEL","ELECTRICITY","TOT","GWH","A","2006",81977,
"BEL","ELECTRICITY","TOT","GWH","A","2007",85098,
"BEL","ELECTRICITY","TOT","GWH","A","2008",81384,
"BEL","ELECTRICITY","TOT","GWH","A","2009",87523,
"BEL","ELECTRICITY","TOT","GWH","A","2010",91975,
"BEL","ELECTRICITY","TOT","GWH","A","2011",86752,
"BEL","ELECTRICITY","TOT","GWH","A","2012",79825,
"BEL","ELECTRICITY","TOT","GWH","A","2013",80206,
"BEL","ELECTRICITY","TOT","GWH","A","2014",69818,
"BEL","ELECTRICITY","TOT","GWH","A","2015",67379,
"BEL","ELECTRICITY","TOT","GWH","A","2016",82457,
"BEL","ELECTRICITY","TOT","GWH","A","2017",83116.9,
"BEL","ELECTRICITY","TOT","GWH","A","2018",71984.3,
"BEL","ELECTRICITY","TOT","GWH","A","2019",89890.6,
"BEL","ELECTRICITY","TOT","GWH","A","2020",,"L"
"CZE","ELECTRICITY","TOT","GWH","A","2000",68014,
"CZE","ELECTRICITY","TOT","GWH","A","2001",68780,
"CZE","ELECTRICITY","TOT","GWH","A","2002",70393,
"CZE","ELECTRICITY","TOT","GWH","A","2003",76659,
"CZE","ELECTRICITY","TOT","GWH","A","2004",77919,
"CZE","ELECTRICITY","TOT","GWH","A","2005",76192,
"CZE","ELECTRICITY","TOT","GWH","A","2006",77884,
"CZE","ELECTRICITY","TOT","GWH","A","2007",81412,
"CZE","ELECTRICITY","TOT","GWH","A","2008",77085,
"CZE","ELECTRICITY","TOT","GWH","A","2009",75990,
"CZE","ELECTRICITY","TOT","GWH","A","2010",78302,
"CZE","ELECTRICITY","TOT","GWH","A","2011",79908,
"CZE","ELECTRICITY","TOT","GWH","A","2012",80309,
"CZE","ELECTRICITY","TOT","GWH","A","2013",79777,
"CZE","ELECTRICITY","TOT","GWH","A","2014",79116,
"CZE","ELECTRICITY","TOT","GWH","A","2015",76916,
"CZE","ELECTRICITY","TOT","GWH","A","2016",76398,
"CZE","ELECTRICITY","TOT","GWH","A","2017",79885.766,
"CZE","ELECTRICITY","TOT","GWH","A","2018",80861.141,
"CZE","ELECTRICITY","TOT","GWH","A","2019",80116.433,
"CZE","ELECTRICITY","TOT","GWH","A","2020",,"L"
"DNK","ELECTRICITY","TOT","GWH","A","2000",34448,
"DNK","ELECTRICITY","TOT","GWH","A","2001",36165,
"DNK","ELECTRICITY","TOT","GWH","A","2002",37336,
"DNK","ELECTRICITY","TOT","GWH","A","2003",43754,
"DNK","ELECTRICITY","TOT","GWH","A","2004",38402,
"DNK","ELECTRICITY","TOT","GWH","A","2005",34413,
"DNK","ELECTRICITY","TOT","GWH","A","2006",43185,
"DNK","ELECTRICITY","TOT","GWH","A","2007",37356,
"DNK","ELECTRICITY","TOT","GWH","A","2008",34852,
"DNK","ELECTRICITY","TOT","GWH","A","2009",34462,
"DNK","ELECTRICITY","TOT","GWH","A","2010",36872,
"DNK","ELECTRICITY","TOT","GWH","A","2011",33549,
"DNK","ELECTRICITY","TOT","GWH","A","2012",29200,
"DNK","ELECTRICITY","TOT","GWH","A","2013",33138,
"DNK","ELECTRICITY","TOT","GWH","A","2014",30815,
"DNK","ELECTRICITY","TOT","GWH","A","2015",27921,
"DNK","ELECTRICITY","TOT","GWH","A","2016",29081,
"DNK","ELECTRICITY","TOT","GWH","A","2017",29638.3,
"DNK","ELECTRICITY","TOT","GWH","A","2018",29314.3,
"DNK","ELECTRICITY","TOT","GWH","A","2019",28692.606,
"DNK","ELECTRICITY","TOT","GWH","A","2020",,"L"
"FIN","ELECTRICITY","TOT","GWH","A","2000",67288,
"FIN","ELECTRICITY","TOT","GWH","A","2001",71237,
"FIN","ELECTRICITY","TOT","GWH","A","2002",71632,
"FIN","ELECTRICITY","TOT","GWH","A","2003",80397,
"FIN","ELECTRICITY","TOT","GWH","A","2004",82191,
"FIN","ELECTRICITY","TOT","GWH","A","2005",67843,
"FIN","ELECTRICITY","TOT","GWH","A","2006",78643,
"FIN","ELECTRICITY","TOT","GWH","A","2007",77835,
"FIN","ELECTRICITY","TOT","GWH","A","2008",74494,
"FIN","ELECTRICITY","TOT","GWH","A","2009",69222,
"FIN","ELECTRICITY","TOT","GWH","A","2010",77220,
"FIN","ELECTRICITY","TOT","GWH","A","2011",70413,
"FIN","ELECTRICITY","TOT","GWH","A","2012",67707,
"FIN","ELECTRICITY","TOT","GWH","A","2013",68353,
"FIN","ELECTRICITY","TOT","GWH","A","2014",65458,
"FIN","ELECTRICITY","TOT","GWH","A","2015",66155,
"FIN","ELECTRICITY","TOT","GWH","A","2016",66203,
"FIN","ELECTRICITY","TOT","GWH","A","2017",65043,
"FIN","ELECTRICITY","TOT","GWH","A","2018",67533,
"FIN","ELECTRICITY","TOT","GWH","A","2019",66045,
"FIN","ELECTRICITY","TOT","GWH","A","2020",,"L"
"FRA","ELECTRICITY","TOT","GWH","A","2000",516109,
"FRA","ELECTRICITY","TOT","GWH","A","2001",525951,
"FRA","ELECTRICITY","TOT","GWH","A","2002",534837,
"FRA","ELECTRICITY","TOT","GWH","A","2003",542213,
"FRA","ELECTRICITY","TOT","GWH","A","2004",549322,
"FRA","ELECTRICITY","TOT","GWH","A","2005",550035,
"FRA","ELECTRICITY","TOT","GWH","A","2006",549179,
"FRA","ELECTRICITY","TOT","GWH","A","2007",544362,
"FRA","ELECTRICITY","TOT","GWH","A","2008",548444,
"FRA","ELECTRICITY","TOT","GWH","A","2009",512285,
"FRA","ELECTRICITY","TOT","GWH","A","2010",544299,
"FRA","ELECTRICITY","TOT","GWH","A","2011",547534,
"FRA","ELECTRICITY","TOT","GWH","A","2012",547926,
"FRA","ELECTRICITY","TOT","GWH","A","2013",558139,
"FRA","ELECTRICITY","TOT","GWH","A","2014",548862,
"FRA","ELECTRICITY","TOT","GWH","A","2015",555298,
"FRA","ELECTRICITY","TOT","GWH","A","2016",540420,
"FRA","ELECTRICITY","TOT","GWH","A","2017",537849.214,
"FRA","ELECTRICITY","TOT","GWH","A","2018",557797.811,
"FRA","ELECTRICITY","TOT","GWH","A","2019",546974.825,
"FRA","ELECTRICITY","TOT","GWH","A","2020",,"L"
"DEU","ELECTRICITY","TOT","GWH","A","2000",538489,
"DEU","ELECTRICITY","TOT","GWH","A","2001",548166,
"DEU","ELECTRICITY","TOT","GWH","A","2002",549288,
"DEU","ELECTRICITY","TOT","GWH","A","2003",569713,
"DEU","ELECTRICITY","TOT","GWH","A","2004",578577,
"DEU","ELECTRICITY","TOT","GWH","A","2005",582874,
"DEU","ELECTRICITY","TOT","GWH","A","2006",598995,
"DEU","ELECTRICITY","TOT","GWH","A","2007",600683,
"DEU","ELECTRICITY","TOT","GWH","A","2008",601150,
"DEU","ELECTRICITY","TOT","GWH","A","2009",558760,
"DEU","ELECTRICITY","TOT","GWH","A","2010",594414,
"DEU","ELECTRICITY","TOT","GWH","A","2011",576247,
"DEU","ELECTRICITY","TOT","GWH","A","2012",591431,
"DEU","ELECTRICITY","TOT","GWH","A","2013",600926,
"DEU","ELECTRICITY","TOT","GWH","A","2014",590874,
"DEU","ELECTRICITY","TOT","GWH","A","2015",610292,
"DEU","ELECTRICITY","TOT","GWH","A","2016",614332,
"DEU","ELECTRICITY","TOT","GWH","A","2017",619053,
"DEU","ELECTRICITY","TOT","GWH","A","2018",608912,
"DEU","ELECTRICITY","TOT","GWH","A","2019",578863,
"DEU","ELECTRICITY","TOT","GWH","A","2020",,"L"
"GRC","ELECTRICITY","TOT","GWH","A","2000",49863,
"GRC","ELECTRICITY","TOT","GWH","A","2001",49730,
"GRC","ELECTRICITY","TOT","GWH","A","2002",50608,
"GRC","ELECTRICITY","TOT","GWH","A","2003",54337,
"GRC","ELECTRICITY","TOT","GWH","A","2004",54889,
"GRC","ELECTRICITY","TOT","GWH","A","2005",55740,
"GRC","ELECTRICITY","TOT","GWH","A","2006",56547,
"GRC","ELECTRICITY","TOT","GWH","A","2007",59088,
"GRC","ELECTRICITY","TOT","GWH","A","2008",59407,
"GRC","ELECTRICITY","TOT","GWH","A","2009",56073,
"GRC","ELECTRICITY","TOT","GWH","A","2010",53389,
"GRC","ELECTRICITY","TOT","GWH","A","2011",53913,
"GRC","ELECTRICITY","TOT","GWH","A","2012",53654,
"GRC","ELECTRICITY","TOT","GWH","A","2013",52560,
"GRC","ELECTRICITY","TOT","GWH","A","2014",46702,
"GRC","ELECTRICITY","TOT","GWH","A","2015",47806,
"GRC","ELECTRICITY","TOT","GWH","A","2016",50227,
"GRC","ELECTRICITY","TOT","GWH","A","2017",50589.215,
"GRC","ELECTRICITY","TOT","GWH","A","2018",50781.194,
"GRC","ELECTRICITY","TOT","GWH","A","2019",45557,
"GRC","ELECTRICITY","TOT","GWH","A","2020",,"L"
"HUN","ELECTRICITY","TOT","GWH","A","2000",32259,
"HUN","ELECTRICITY","TOT","GWH","A","2001",33704,
"HUN","ELECTRICITY","TOT","GWH","A","2002",33475,
"HUN","ELECTRICITY","TOT","GWH","A","2003",31378,
"HUN","ELECTRICITY","TOT","GWH","A","2004",31262,
"HUN","ELECTRICITY","TOT","GWH","A","2005",33219,
"HUN","ELECTRICITY","TOT","GWH","A","2006",33345,
"HUN","ELECTRICITY","TOT","GWH","A","2007",37220,
"HUN","ELECTRICITY","TOT","GWH","A","2008",37383,
"HUN","ELECTRICITY","TOT","GWH","A","2009",33344,
"HUN","ELECTRICITY","TOT","GWH","A","2010",34613,
"HUN","ELECTRICITY","TOT","GWH","A","2011",33533,
"HUN","ELECTRICITY","TOT","GWH","A","2012",32351,
"HUN","ELECTRICITY","TOT","GWH","A","2013",28031,
"HUN","ELECTRICITY","TOT","GWH","A","2014",27141,
"HUN","ELECTRICITY","TOT","GWH","A","2015",28150,
"HUN","ELECTRICITY","TOT","GWH","A","2016",29548,
"HUN","ELECTRICITY","TOT","GWH","A","2017",30699,
"HUN","ELECTRICITY","TOT","GWH","A","2018",29866,
"HUN","ELECTRICITY","TOT","GWH","A","2019",32013,
"HUN","ELECTRICITY","TOT","GWH","A","2020",,"L"
"IRL","ELECTRICITY","TOT","GWH","A","2000",22685,
"IRL","ELECTRICITY","TOT","GWH","A","2001",23679,
"IRL","ELECTRICITY","TOT","GWH","A","2002",23926,
"IRL","ELECTRICITY","TOT","GWH","A","2003",24065,
"IRL","ELECTRICITY","TOT","GWH","A","2004",24413,
"IRL","ELECTRICITY","TOT","GWH","A","2005",24791,
"IRL","ELECTRICITY","TOT","GWH","A","2006",26122,
"IRL","ELECTRICITY","TOT","GWH","A","2007",27435,
"IRL","ELECTRICITY","TOT","GWH","A","2008",28927,
"IRL","ELECTRICITY","TOT","GWH","A","2009",27127,
"IRL","ELECTRICITY","TOT","GWH","A","2010",27442,
"IRL","ELECTRICITY","TOT","GWH","A","2011",26365,
"IRL","ELECTRICITY","TOT","GWH","A","2012",26479,
"IRL","ELECTRICITY","TOT","GWH","A","2013",25116,
"IRL","ELECTRICITY","TOT","GWH","A","2014",25313,
"IRL","ELECTRICITY","TOT","GWH","A","2015",27623,
"IRL","ELECTRICITY","TOT","GWH","A","2016",29692,
"IRL","ELECTRICITY","TOT","GWH","A","2017",30092.493,
"IRL","ELECTRICITY","TOT","GWH","A","2018",30352.292,
"IRL","ELECTRICITY","TOT","GWH","A","2019",30255.315,
"IRL","ELECTRICITY","TOT","GWH","A","2020",,"L"
"ITA","ELECTRICITY","TOT","GWH","A","2000",263305,
"ITA","ELECTRICITY","TOT","GWH","A","2001",265981,
"ITA","ELECTRICITY","TOT","GWH","A","2002",270799,
"ITA","ELECTRICITY","TOT","GWH","A","2003",280203,
"ITA","ELECTRICITY","TOT","GWH","A","2004",290047,
"ITA","ELECTRICITY","TOT","GWH","A","2005",290635,
"ITA","ELECTRICITY","TOT","GWH","A","2006",301259,
"ITA","ELECTRICITY","TOT","GWH","A","2007",301299,
"ITA","ELECTRICITY","TOT","GWH","A","2008",307065,
"ITA","ELECTRICITY","TOT","GWH","A","2009",281106,
"ITA","ELECTRICITY","TOT","GWH","A","2010",290746,
"ITA","ELECTRICITY","TOT","GWH","A","2011",291442,
"ITA","ELECTRICITY","TOT","GWH","A","2012",287803,
"ITA","ELECTRICITY","TOT","GWH","A","2013",278833,
"ITA","ELECTRICITY","TOT","GWH","A","2014",269148,
"ITA","ELECTRICITY","TOT","GWH","A","2015",272428,
"ITA","ELECTRICITY","TOT","GWH","A","2016",279703,
"ITA","ELECTRICITY","TOT","GWH","A","2017",285265.649,
"ITA","ELECTRICITY","TOT","GWH","A","2018",279844.619,
"ITA","ELECTRICITY","TOT","GWH","A","2019",283950.056,
"ITA","ELECTRICITY","TOT","GWH","A","2020",,"L"
"LUX","ELECTRICITY","TOT","GWH","A","2000",1132,
"LUX","ELECTRICITY","TOT","GWH","A","2001",1586,
"LUX","ELECTRICITY","TOT","GWH","A","2002",3673,
"LUX","ELECTRICITY","TOT","GWH","A","2003",3598,
"LUX","ELECTRICITY","TOT","GWH","A","2004",4103,
"LUX","ELECTRICITY","TOT","GWH","A","2005",4105,
"LUX","ELECTRICITY","TOT","GWH","A","2006",4302,
"LUX","ELECTRICITY","TOT","GWH","A","2007",3960,
"LUX","ELECTRICITY","TOT","GWH","A","2008",3517,
"LUX","ELECTRICITY","TOT","GWH","A","2009",3837,
"LUX","ELECTRICITY","TOT","GWH","A","2010",4561,
"LUX","ELECTRICITY","TOT","GWH","A","2011",3694,
"LUX","ELECTRICITY","TOT","GWH","A","2012",3787,
"LUX","ELECTRICITY","TOT","GWH","A","2013",2860,
"LUX","ELECTRICITY","TOT","GWH","A","2014",2938,
"LUX","ELECTRICITY","TOT","GWH","A","2015",2738,
"LUX","ELECTRICITY","TOT","GWH","A","2016",2168,
"LUX","ELECTRICITY","TOT","GWH","A","2017",2204.811,
"LUX","ELECTRICITY","TOT","GWH","A","2018",2171.402,
"LUX","ELECTRICITY","TOT","GWH","A","2019",1877.143,
"LUX","ELECTRICITY","TOT","GWH","A","2020",,"L"
"NLD","ELECTRICITY","TOT","GWH","A","2000",85998,
"NLD","ELECTRICITY","TOT","GWH","A","2001",89812,
"NLD","ELECTRICITY","TOT","GWH","A","2002",92041,
"NLD","ELECTRICITY","TOT","GWH","A","2003",92840,
"NLD","ELECTRICITY","TOT","GWH","A","2004",97043,
"NLD","ELECTRICITY","TOT","GWH","A","2005",95598,
"NLD","ELECTRICITY","TOT","GWH","A","2006",94489,
"NLD","ELECTRICITY","TOT","GWH","A","2007",100751,
"NLD","ELECTRICITY","TOT","GWH","A","2008",103187,
"NLD","ELECTRICITY","TOT","GWH","A","2009",108767,
"NLD","ELECTRICITY","TOT","GWH","A","2010",114825,
"NLD","ELECTRICITY","TOT","GWH","A","2011",109145,
"NLD","ELECTRICITY","TOT","GWH","A","2012",99174,
"NLD","ELECTRICITY","TOT","GWH","A","2013",97450,
"NLD","ELECTRICITY","TOT","GWH","A","2014",98715,
"NLD","ELECTRICITY","TOT","GWH","A","2015",105749,
"NLD","ELECTRICITY","TOT","GWH","A","2016",110989,
"NLD","ELECTRICITY","TOT","GWH","A","2017",113425.137,
"NLD","ELECTRICITY","TOT","GWH","A","2018",110692.105,
"NLD","ELECTRICITY","TOT","GWH","A","2019",117571.759,
"NLD","ELECTRICITY","TOT","GWH","A","2020",,"L"
"POL","ELECTRICITY","TOT","GWH","A","2000",132214,
"POL","ELECTRICITY","TOT","GWH","A","2001",132666,
"POL","ELECTRICITY","TOT","GWH","A","2002",131374,
"POL","ELECTRICITY","TOT","GWH","A","2003",138367,
"POL","ELECTRICITY","TOT","GWH","A","2004",140789,
"POL","ELECTRICITY","TOT","GWH","A","2005",143615,
"POL","ELECTRICITY","TOT","GWH","A","2006",147685,
"POL","ELECTRICITY","TOT","GWH","A","2007",145393,
"POL","ELECTRICITY","TOT","GWH","A","2008",141498,
"POL","ELECTRICITY","TOT","GWH","A","2009",137908,
"POL","ELECTRICITY","TOT","GWH","A","2010",143457,
"POL","ELECTRICITY","TOT","GWH","A","2011",148913,
"POL","ELECTRICITY","TOT","GWH","A","2012",147649,
"POL","ELECTRICITY","TOT","GWH","A","2013",150079,
"POL","ELECTRICITY","TOT","GWH","A","2014",145214,
"POL","ELECTRICITY","TOT","GWH","A","2015",150695,
"POL","ELECTRICITY","TOT","GWH","A","2016",152003,
"POL","ELECTRICITY","TOT","GWH","A","2017",154869.344,
"POL","ELECTRICITY","TOT","GWH","A","2018",155259.671,
"POL","ELECTRICITY","TOT","GWH","A","2019",151362.969,
"POL","ELECTRICITY","TOT","GWH","A","2020",,"L"
"PRT","ELECTRICITY","TOT","GWH","A","2000",42215,
"PRT","ELECTRICITY","TOT","GWH","A","2001",44844,
"PRT","ELECTRICITY","TOT","GWH","A","2002",44390,
"PRT","ELECTRICITY","TOT","GWH","A","2003",45375,
"PRT","ELECTRICITY","TOT","GWH","A","2004",43482,
"PRT","ELECTRICITY","TOT","GWH","A","2005",44984,
"PRT","ELECTRICITY","TOT","GWH","A","2006",47493,
"PRT","ELECTRICITY","TOT","GWH","A","2007",45908,
"PRT","ELECTRICITY","TOT","GWH","A","2008",44584,
"PRT","ELECTRICITY","TOT","GWH","A","2009",48718,
"PRT","ELECTRICITY","TOT","GWH","A","2010",52783,
"PRT","ELECTRICITY","TOT","GWH","A","2011",51128,
"PRT","ELECTRICITY","TOT","GWH","A","2012",45254,
"PRT","ELECTRICITY","TOT","GWH","A","2013",50412,
"PRT","ELECTRICITY","TOT","GWH","A","2014",51527,
"PRT","ELECTRICITY","TOT","GWH","A","2015",50940,
"PRT","ELECTRICITY","TOT","GWH","A","2016",58862,
"PRT","ELECTRICITY","TOT","GWH","A","2017",57668.978,
"PRT","ELECTRICITY","TOT","GWH","A","2018",58197.215,
"PRT","ELECTRICITY","TOT","GWH","A","2019",52185.2,
"PRT","ELECTRICITY","TOT","GWH","A","2020",,"L"
"SVK","ELECTRICITY","TOT","GWH","A","2000",27744,
"SVK","ELECTRICITY","TOT","GWH","A","2001",29613,
"SVK","ELECTRICITY","TOT","GWH","A","2002",29980,
"SVK","ELECTRICITY","TOT","GWH","A","2003",28715,
"SVK","ELECTRICITY","TOT","GWH","A","2004",28153,
"SVK","ELECTRICITY","TOT","GWH","A","2005",29291,
"SVK","ELECTRICITY","TOT","GWH","A","2006",28906,
"SVK","ELECTRICITY","TOT","GWH","A","2007",25766,
"SVK","ELECTRICITY","TOT","GWH","A","2008",26645,
"SVK","ELECTRICITY","TOT","GWH","A","2009",24102,
"SVK","ELECTRICITY","TOT","GWH","A","2010",25431,
"SVK","ELECTRICITY","TOT","GWH","A","2011",26090,
"SVK","ELECTRICITY","TOT","GWH","A","2012",26137,
"SVK","ELECTRICITY","TOT","GWH","A","2013",27172,
"SVK","ELECTRICITY","TOT","GWH","A","2014",25007,
"SVK","ELECTRICITY","TOT","GWH","A","2015",24758,
"SVK","ELECTRICITY","TOT","GWH","A","2016",24997,
"SVK","ELECTRICITY","TOT","GWH","A","2017",25692,
"SVK","ELECTRICITY","TOT","GWH","A","2018",24863,
"SVK","ELECTRICITY","TOT","GWH","A","2019",26366,
"SVK","ELECTRICITY","TOT","GWH","A","2020",,"L"
"ESP","ELECTRICITY","TOT","GWH","A","2000",214437,
"ESP","ELECTRICITY","TOT","GWH","A","2001",225952,
"ESP","ELECTRICITY","TOT","GWH","A","2002",232728,
"ESP","ELECTRICITY","TOT","GWH","A","2003",250187,
"ESP","ELECTRICITY","TOT","GWH","A","2004",268709,
"ESP","ELECTRICITY","TOT","GWH","A","2005",282139,
"ESP","ELECTRICITY","TOT","GWH","A","2006",287713,
"ESP","ELECTRICITY","TOT","GWH","A","2007",293230,
"ESP","ELECTRICITY","TOT","GWH","A","2008",301545,
"ESP","ELECTRICITY","TOT","GWH","A","2009",283447,
"ESP","ELECTRICITY","TOT","GWH","A","2010",290951,
"ESP","ELECTRICITY","TOT","GWH","A","2011",283278,
"ESP","ELECTRICITY","TOT","GWH","A","2012",286574,
"ESP","ELECTRICITY","TOT","GWH","A","2013",275399,
"ESP","ELECTRICITY","TOT","GWH","A","2014",268380,
"ESP","ELECTRICITY","TOT","GWH","A","2015",269751,
"ESP","ELECTRICITY","TOT","GWH","A","2016",264344,
"ESP","ELECTRICITY","TOT","GWH","A","2017",264918,
"ESP","ELECTRICITY","TOT","GWH","A","2018",263827,
"ESP","ELECTRICITY","TOT","GWH","A","2019",263796,
"ESP","ELECTRICITY","TOT","GWH","A","2020",,"L"
"SWE","ELECTRICITY","TOT","GWH","A","2000",141594,
"SWE","ELECTRICITY","TOT","GWH","A","2001",157637,
"SWE","ELECTRICITY","TOT","GWH","A","2002",143235,
"SWE","ELECTRICITY","TOT","GWH","A","2003",132537,
"SWE","ELECTRICITY","TOT","GWH","A","2004",148541,
"SWE","ELECTRICITY","TOT","GWH","A","2005",154611,
"SWE","ELECTRICITY","TOT","GWH","A","2006",140371,
"SWE","ELECTRICITY","TOT","GWH","A","2007",145129,
"SWE","ELECTRICITY","TOT","GWH","A","2008",146412,
"SWE","ELECTRICITY","TOT","GWH","A","2009",133349,
"SWE","ELECTRICITY","TOT","GWH","A","2010",145264,
"SWE","ELECTRICITY","TOT","GWH","A","2011",146965,
"SWE","ELECTRICITY","TOT","GWH","A","2012",162829,
"SWE","ELECTRICITY","TOT","GWH","A","2013",149539,
"SWE","ELECTRICITY","TOT","GWH","A","2014",149957,
"SWE","ELECTRICITY","TOT","GWH","A","2015",159045,
"SWE","ELECTRICITY","TOT","GWH","A","2016",152531,
"SWE","ELECTRICITY","TOT","GWH","A","2017",160526,
"SWE","ELECTRICITY","TOT","GWH","A","2018",159677,
"SWE","ELECTRICITY","TOT","GWH","A","2019",165645,
"SWE","ELECTRICITY","TOT","GWH","A","2020",,"L"
"EST","ELECTRICITY","TOT","GWH","A","2000",7591,
"EST","ELECTRICITY","TOT","GWH","A","2001",7590,
"EST","ELECTRICITY","TOT","GWH","A","2002",7634,
"EST","ELECTRICITY","TOT","GWH","A","2003",9101,
"EST","ELECTRICITY","TOT","GWH","A","2004",9232,
"EST","ELECTRICITY","TOT","GWH","A","2005",9114,
"EST","ELECTRICITY","TOT","GWH","A","2006",8729,
"EST","ELECTRICITY","TOT","GWH","A","2007",10954,
"EST","ELECTRICITY","TOT","GWH","A","2008",9498,
"EST","ELECTRICITY","TOT","GWH","A","2009",7884,
"EST","ELECTRICITY","TOT","GWH","A","2010",11732,
"EST","ELECTRICITY","TOT","GWH","A","2011",11667,
"EST","ELECTRICITY","TOT","GWH","A","2012",10527,
"EST","ELECTRICITY","TOT","GWH","A","2013",11823,
"EST","ELECTRICITY","TOT","GWH","A","2014",11013,
"EST","ELECTRICITY","TOT","GWH","A","2015",9062,
"EST","ELECTRICITY","TOT","GWH","A","2016",10434,
"EST","ELECTRICITY","TOT","GWH","A","2017",11248.492,
"EST","ELECTRICITY","TOT","GWH","A","2018",10932.802,
"EST","ELECTRICITY","TOT","GWH","A","2019",6600.1,
"EST","ELECTRICITY","TOT","GWH","A","2020",,"L"
"SVN","ELECTRICITY","TOT","GWH","A","2000",12795,
"SVN","ELECTRICITY","TOT","GWH","A","2001",13591,
"SVN","ELECTRICITY","TOT","GWH","A","2002",13693,
"SVN","ELECTRICITY","TOT","GWH","A","2003",12895,
"SVN","ELECTRICITY","TOT","GWH","A","2004",14308,
"SVN","ELECTRICITY","TOT","GWH","A","2005",14149,
"SVN","ELECTRICITY","TOT","GWH","A","2006",14117,
"SVN","ELECTRICITY","TOT","GWH","A","2007",14044,
"SVN","ELECTRICITY","TOT","GWH","A","2008",15357,
"SVN","ELECTRICITY","TOT","GWH","A","2009",15375,
"SVN","ELECTRICITY","TOT","GWH","A","2010",15410,
"SVN","ELECTRICITY","TOT","GWH","A","2011",15001,
"SVN","ELECTRICITY","TOT","GWH","A","2012",14705,
"SVN","ELECTRICITY","TOT","GWH","A","2013",15117,
"SVN","ELECTRICITY","TOT","GWH","A","2014",16486,
"SVN","ELECTRICITY","TOT","GWH","A","2015",14187,
"SVN","ELECTRICITY","TOT","GWH","A","2016",15546,
"SVN","ELECTRICITY","TOT","GWH","A","2017",15396.876,
"SVN","ELECTRICITY","TOT","GWH","A","2018",15441.97,
"SVN","ELECTRICITY","TOT","GWH","A","2019",15224.354,
"SVN","ELECTRICITY","TOT","GWH","A","2020",,"L"
"LVA","ELECTRICITY","TOT","GWH","A","2000",3690,
"LVA","ELECTRICITY","TOT","GWH","A","2001",3690,
"LVA","ELECTRICITY","TOT","GWH","A","2002",3527,
"LVA","ELECTRICITY","TOT","GWH","A","2003",3470,
"LVA","ELECTRICITY","TOT","GWH","A","2004",4192,
"LVA","ELECTRICITY","TOT","GWH","A","2005",4417,
"LVA","ELECTRICITY","TOT","GWH","A","2006",4453,
"LVA","ELECTRICITY","TOT","GWH","A","2007",4404,
"LVA","ELECTRICITY","TOT","GWH","A","2008",4906,
"LVA","ELECTRICITY","TOT","GWH","A","2009",5191,
"LVA","ELECTRICITY","TOT","GWH","A","2010",6069,
"LVA","ELECTRICITY","TOT","GWH","A","2011",5564,
"LVA","ELECTRICITY","TOT","GWH","A","2012",5719,
"LVA","ELECTRICITY","TOT","GWH","A","2013",5800,
"LVA","ELECTRICITY","TOT","GWH","A","2014",4732,
"LVA","ELECTRICITY","TOT","GWH","A","2015",5093,
"LVA","ELECTRICITY","TOT","GWH","A","2016",5927,
"LVA","ELECTRICITY","TOT","GWH","A","2017",7024.859,
"LVA","ELECTRICITY","TOT","GWH","A","2018",6203.231,
"LVA","ELECTRICITY","TOT","GWH","A","2019",5962.656,
"LVA","ELECTRICITY","TOT","GWH","A","2020",,"L"
"LTU","ELECTRICITY","TOT","GWH","A","2000",10039,
"LTU","ELECTRICITY","TOT","GWH","A","2001",13218,
"LTU","ELECTRICITY","TOT","GWH","A","2002",16078,
"LTU","ELECTRICITY","TOT","GWH","A","2003",17878,
"LTU","ELECTRICITY","TOT","GWH","A","2004",17706,
"LTU","ELECTRICITY","TOT","GWH","A","2005",13584,
"LTU","ELECTRICITY","TOT","GWH","A","2006",11393,
"LTU","ELECTRICITY","TOT","GWH","A","2007",12878,
"LTU","ELECTRICITY","TOT","GWH","A","2008",12781,
"LTU","ELECTRICITY","TOT","GWH","A","2009",14147,
"LTU","ELECTRICITY","TOT","GWH","A","2010",5347,
"LTU","ELECTRICITY","TOT","GWH","A","2011",4445,
"LTU","ELECTRICITY","TOT","GWH","A","2012",4689,
"LTU","ELECTRICITY","TOT","GWH","A","2013",4451,
"LTU","ELECTRICITY","TOT","GWH","A","2014",4144,
"LTU","ELECTRICITY","TOT","GWH","A","2015",4676,
"LTU","ELECTRICITY","TOT","GWH","A","2016",4051,
"LTU","ELECTRICITY","TOT","GWH","A","2017",3996.1,
"LTU","ELECTRICITY","TOT","GWH","A","2018",3314.3,
"LTU","ELECTRICITY","TOT","GWH","A","2019",3764.6,
"LTU","ELECTRICITY","TOT","GWH","A","2020",,"L"
"BGR","ELECTRICITY","TOT","GWH","A","2000",36884,
"BGR","ELECTRICITY","TOT","GWH","A","2001",39617,
"BGR","ELECTRICITY","TOT","GWH","A","2002",38598,
"BGR","ELECTRICITY","TOT","GWH","A","2003",38474,
"BGR","ELECTRICITY","TOT","GWH","A","2004",37544,
"BGR","ELECTRICITY","TOT","GWH","A","2005",40281,
"BGR","ELECTRICITY","TOT","GWH","A","2006",41601,
"BGR","ELECTRICITY","TOT","GWH","A","2007",39067,
"BGR","ELECTRICITY","TOT","GWH","A","2008",40695,
"BGR","ELECTRICITY","TOT","GWH","A","2009",38743,
"BGR","ELECTRICITY","TOT","GWH","A","2010",42218,
"BGR","ELECTRICITY","TOT","GWH","A","2011",45844,
"BGR","ELECTRICITY","TOT","GWH","A","2012",42859,
"BGR","ELECTRICITY","TOT","GWH","A","2013",39818,
"BGR","ELECTRICITY","TOT","GWH","A","2014",43231,
"BGR","ELECTRICITY","TOT","GWH","A","2015",44727,
"BGR","ELECTRICITY","TOT","GWH","A","2016",41221,
"BGR","ELECTRICITY","TOT","GWH","A","2017",41351.303,
"BGR","ELECTRICITY","TOT","GWH","A","2018",42714.415,
"BGR","ELECTRICITY","TOT","GWH","A","2019",40346.135,
"BGR","ELECTRICITY","TOT","GWH","A","2020",,"L"
"HRV","ELECTRICITY","TOT","GWH","A","2000",10879,
"HRV","ELECTRICITY","TOT","GWH","A","2001",12373,
"HRV","ELECTRICITY","TOT","GWH","A","2002",12241,
"HRV","ELECTRICITY","TOT","GWH","A","2003",12702,
"HRV","ELECTRICITY","TOT","GWH","A","2004",13496,
"HRV","ELECTRICITY","TOT","GWH","A","2005",12698,
"HRV","ELECTRICITY","TOT","GWH","A","2006",12570,
"HRV","ELECTRICITY","TOT","GWH","A","2007",12167,
"HRV","ELECTRICITY","TOT","GWH","A","2008",12375,
"HRV","ELECTRICITY","TOT","GWH","A","2009",13033,
"HRV","ELECTRICITY","TOT","GWH","A","2010",14432,
"HRV","ELECTRICITY","TOT","GWH","A","2011",10951,
"HRV","ELECTRICITY","TOT","GWH","A","2012",10396,
"HRV","ELECTRICITY","TOT","GWH","A","2013",13660,
"HRV","ELECTRICITY","TOT","GWH","A","2014",13159,
"HRV","ELECTRICITY","TOT","GWH","A","2015",10983,
"HRV","ELECTRICITY","TOT","GWH","A","2016",12284,
"HRV","ELECTRICITY","TOT","GWH","A","2017",11522.9,
"HRV","ELECTRICITY","TOT","GWH","A","2018",13181.6,
"HRV","ELECTRICITY","TOT","GWH","A","2019",12250.1,
"HRV","ELECTRICITY","TOT","GWH","A","2020",,"L"
"CYP","ELECTRICITY","TOT","GWH","A","2000",3205,
"CYP","ELECTRICITY","TOT","GWH","A","2001",3364,
"CYP","ELECTRICITY","TOT","GWH","A","2002",3574,
"CYP","ELECTRICITY","TOT","GWH","A","2003",3830,
"CYP","ELECTRICITY","TOT","GWH","A","2004",3976,
"CYP","ELECTRICITY","TOT","GWH","A","2005",4131,
"CYP","ELECTRICITY","TOT","GWH","A","2006",4397,
"CYP","ELECTRICITY","TOT","GWH","A","2007",4606,
"CYP","ELECTRICITY","TOT","GWH","A","2008",4806,
"CYP","ELECTRICITY","TOT","GWH","A","2009",4949,
"CYP","ELECTRICITY","TOT","GWH","A","2010",5101,
"CYP","ELECTRICITY","TOT","GWH","A","2011",4699,
"CYP","ELECTRICITY","TOT","GWH","A","2012",4543,
"CYP","ELECTRICITY","TOT","GWH","A","2013",4119,
"CYP","ELECTRICITY","TOT","GWH","A","2014",4145,
"CYP","ELECTRICITY","TOT","GWH","A","2015",4314,
"CYP","ELECTRICITY","TOT","GWH","A","2016",4668,
"CYP","ELECTRICITY","TOT","GWH","A","2017",4778.28,
"CYP","ELECTRICITY","TOT","GWH","A","2018",4827.281,
"CYP","ELECTRICITY","TOT","GWH","A","2019",4913.788,
"CYP","ELECTRICITY","TOT","GWH","A","2020",,"L"
"MLT","ELECTRICITY","TOT","GWH","A","2000",1802,
"MLT","ELECTRICITY","TOT","GWH","A","2001",1825,
"MLT","ELECTRICITY","TOT","GWH","A","2002",1927,
"MLT","ELECTRICITY","TOT","GWH","A","2003",2100,
"MLT","ELECTRICITY","TOT","GWH","A","2004",2081,
"MLT","ELECTRICITY","TOT","GWH","A","2005",2114,
"MLT","ELECTRICITY","TOT","GWH","A","2006",2129,
"MLT","ELECTRICITY","TOT","GWH","A","2007",2165,
"MLT","ELECTRICITY","TOT","GWH","A","2008",2185,
"MLT","ELECTRICITY","TOT","GWH","A","2009",2046,
"MLT","ELECTRICITY","TOT","GWH","A","2010",1993,
"MLT","ELECTRICITY","TOT","GWH","A","2011",2053,
"MLT","ELECTRICITY","TOT","GWH","A","2012",2172,
"MLT","ELECTRICITY","TOT","GWH","A","2013",2137,
"MLT","ELECTRICITY","TOT","GWH","A","2014",2137,
"MLT","ELECTRICITY","TOT","GWH","A","2015",1241,
"MLT","ELECTRICITY","TOT","GWH","A","2016",807,
"MLT","ELECTRICITY","TOT","GWH","A","2017",1602.516,
"MLT","ELECTRICITY","TOT","GWH","A","2018",1911.107,
"MLT","ELECTRICITY","TOT","GWH","A","2019",2017.42,
"MLT","ELECTRICITY","TOT","GWH","A","2020",,"L"
"ROU","ELECTRICITY","TOT","GWH","A","2000",48625,
"ROU","ELECTRICITY","TOT","GWH","A","2001",50423,
"ROU","ELECTRICITY","TOT","GWH","A","2002",51056,
"ROU","ELECTRICITY","TOT","GWH","A","2003",51317,
"ROU","ELECTRICITY","TOT","GWH","A","2004",52693,
"ROU","ELECTRICITY","TOT","GWH","A","2005",55504,
"ROU","ELECTRICITY","TOT","GWH","A","2006",58350,
"ROU","ELECTRICITY","TOT","GWH","A","2007",56165,
"ROU","ELECTRICITY","TOT","GWH","A","2008",60100,
"ROU","ELECTRICITY","TOT","GWH","A","2009",52759,
"ROU","ELECTRICITY","TOT","GWH","A","2010",55923,
"ROU","ELECTRICITY","TOT","GWH","A","2011",56490,
"ROU","ELECTRICITY","TOT","GWH","A","2012",53694,
"ROU","ELECTRICITY","TOT","GWH","A","2013",54134,
"ROU","ELECTRICITY","TOT","GWH","A","2014",60699,
"ROU","ELECTRICITY","TOT","GWH","A","2015",61277,
"ROU","ELECTRICITY","TOT","GWH","A","2016",60256,
"ROU","ELECTRICITY","TOT","GWH","A","2017",59355.43,
"ROU","ELECTRICITY","TOT","GWH","A","2018",60175.52,
"ROU","ELECTRICITY","TOT","GWH","A","2019",55177.212,
"ROU","ELECTRICITY","TOT","GWH","A","2020",,"L"
